text,label_text
"What outdoor activity can I engage in that promotes preservation and care of our natural spaces?","Maintenance"
"I enjoy using my imagination to develop unique projects; what hobby should I try?","Creative"
"What artistic pursuit can I explore to express my feelings visually?","Artistic"
"How can I immerse myself in nature while embarking on an adventurous journey?","Adventure"
"What methods can I use to effectively record and share my life experiences?","Documentation"
"I'm looking for a culinary pursuit that allows me to experiment with flavors; what should I try?","Cooking"
"How can I develop my nurturing skills while engaging with plants or animals?","Nurturing"
"What activities can enhance my storytelling abilities in both written and spoken forms?","Expression"
"In what ways can I explore different genres of music to broaden my appreciation and skills?","Music"
"What performance techniques can I learn to become a more confident presenter?","Performance"
"How can I create a wellness routine that enhances both my physical and mental health?","Wellness"
"What mindfulness practices can I adopt to increase my level of self-awareness and relaxation?","Mindfulness"
"What sport can I take up to challenge my physical abilities and promote fitness?","Fitness"
"Which activities build endurance and can lead to improved overall strength?","Endurance"
"What textile projects can I undertake to enhance my craftsmanship skills?","Textile"
"How can I improve my skills in creating unique handmade items?","Craftsmanship"
"What new skills can I learn that focus on observation and detail?","Skills"
"What activities provide opportunities for quiet observation and tranquility in nature?","Observation"
"What recreational pursuits can I enjoy that allow for relaxation and fun?","Tranquility"
"What water-based activities can bring me joy while engaging with friends or family?","Water"
"What transportation projects can I take on that enhance my understanding of mechanics?","Transportation"
"Which hobbies require patience, allowing me to develop a deeper level of focus?","Patience"
"What social activities can I engage in to build meaningful connections with others?","Social"
"What strategic games can I play that stimulate my mind and encourage teamwork?","Strategy"
"In what ways can I express myself through various forms of entertainment?","Entertainment"
"What digital crafting projects can I explore to enhance my tech skills?","Digital"
"How can I embark on a journey of exploration that enriches my understanding of the world?","Exploration"
"What cultural activities can I participate in to celebrate diversity in the community?","Culture"
"What survival skills should I learn to thrive in wilderness settings?","Survival"
"How can I connect with nature and practice wilderness skills in a local setting?","Wilderness"
"What memory-enhancing activities can I engage in to retain important information more effectively?","Memory"
"Which hobbies can help improve my motor skills while being fun and engaging?","Motor"
"What traditional crafts should I explore to connect with history and culture?","Traditional"
"Which tactile projects allow me to engage my senses and creativity?","Tactile"
"What disciplines can I develop through dedicated practice and persistence?","Discipline"
"What combat sports or techniques can I learn to improve my physical fitness and strategy?","Combat"
"What DIY projects can I work on to enhance my home and personal space?","DIY"
"How can I incorporate reflection into my weekly routine to promote personal growth?","Reflection"
"What scientific endeavors can I pursue that foster curiosity and experimentation?","Science"
"In what ways can technology play a role in my hobbies to enhance my skills?","Technology"
"What teamwork-focused activities can I join to cultivate collaboration and communication skills?","Teamwork"
"What challenges should I take on to push my limits and improve my resilience?","Challenge"
"Which practical skills can I adopt that are useful in daily life?","Practical"
"How can I engage in mental games that sharpen my cognitive abilities?","Mental"
"What relaxation techniques can I use to unwind and recharge after a long day?","Relaxation"
"What collecting hobbies can I pursue to satisfy my curiosity about unique items?","Collecting"
"What historical research activities can I take on that will deepen my appreciation for the past?","History"
"How can I view my hobbies as an investment in my own personal development?","Investment"
"What cognitive exercises can I try to enhance my problem-solving abilities?","Cognitive"
"What effective communication activities can I engage in to improve my verbal skills?","Communication"
"How can I enhance my photography skills to better capture the world around me?","Photography"
"What intellectual pursuits can help me broaden my knowledge and skills?","Intellectual"
"What level of detail should I pay attention to when engaging in various artistic projects?","Detail"
"Which precision-based hobbies will help me train my skills for accuracy?","Precision"
"What competitive activities can I join that challenge my performance and skills?","Competitive"
"How can I actively participate in my community to make a positive impact?","Community"
"What compassionate actions can I take to help others in need?","Compassion"
"In what ways can I create a meaningful impact in my local or global community?","Impact"
"What problem-solving challenges can I encounter that stimulate innovative thinking?","Problem-solving"
"How can I use various media to tell stories and share experiences creatively?","Media"
"What technical aspects should I focus on to improve my proficiency in my chosen hobby?","Technical"
"In what ways can I incorporate writing into my hobbies for self-expression?","Writing"
"What engineering projects can I work on that integrate creativity and technical knowledge?","Engineering"
"How can I connect with animals to foster a deeper understanding and appreciation for them?","Animals"
"In what ways can I explore hospitality as a way to bring joy to others?","Hospitality"
"What reflective practices can I use to gain insights into my life journey?","Introspection"
"What innovations can I pursue that address current challenges in creative ways?","Innovation"
"What teaching opportunities are available to me to share my knowledge with others?","Teaching"
"How can I incorporate fun into my daily activities to enhance my mood?","Fun"
"What organizational techniques can I implement to improve my productivity?","Organizational"
"What new outdoor activity can promote both fitness and enjoyment?","Fitness"
"What creative project can I undertake to improve my technical skills?","Digital"
"What survival skill can help me be better prepared in the wilderness?","Survival"
"What teamwork activity can enhance my collaboration skills?","Teamwork"
"What mindfulness practice can help reduce stress effectively?","Mindfulness"
"Looking for a fun way to get fit? Try hiking in your local trails.","Fitness"
"Want to flex your creative muscles? Start a DIY home decor project.","DIY"
"Feeling adventurous? Join a local rock climbing group.","Adventure"
"Need to unwind? Try mindfulness meditation sessions.","Mindfulness"
"Love to cook? Experiment with new cuisines every week.","Cooking"
"Enjoy working with your hands? Try woodworking as a hobby.","Craftsmanship"
"Interested in tech? Dive into digital art projects.","Digital"
"Want to improve your memory? Engage in brain-training games.","Memory"
"Looking for community involvement? Volunteer at a local shelter.","Community"
"Passionate about animals? Start volunteering at an animal rescue.","Animals"
"Interested in history? Begin a historical research project.","History"
"Want to enhance your photography skills? Take a photography course.","Photography"
"Feeling creative? Start a painting series based on your dreams.","Artistic"
"Looking for a new challenge? Try learning a new language.","Skills"
"Need relaxation? Explore yoga practices for beginners.","Wellness"
"Enjoy storytelling? Start a blog to share your adventures.","Writing"
"Want to get outdoors? Try bird watching in your local park.","Outdoor"
"Interested in engineering? Build a small robot kit.","Engineering"
"Looking to make a difference? Engage in community gardening.","Nurturing"
"Want to entertain others? Organize a local talent show.","Entertainment"
"Craving some fun? Host a game night with friends.","Fun"
"Desire to stay active? Join a local sports league.","Sport"
"Interested in sustainability? Start a recycling project at home.","Maintenance"
"Love music? Learn to play a new musical instrument.","Music"
"Want to express yourself? Try creative writing workshops.","Expression"
"Seeking adventure? Go kayaking on a nearby river.","Adventure"
"Passionate about wellness? Create a daily fitness routine.","Wellness"
"Curious about science? Start simple home experiments.","Science"
"Enjoy crafts? Make handmade candles or soaps.","Craft"
"Looking to socialize? Join a book club.","Social"
"Need to boost creativity? Engage in daily sketching.","Creative"
"Want to improve focus? Practice meditation techniques.","Mindfulness"
"Interested in technology? Build your own website.","Technology"
"Looking for teamwork? Participate in group sports.","Teamwork"
"Desire to relax? Take scenic nature walks.","Tranquility"
"Love DIY projects? Renovate a room in your house.","DIY"
"Want to enhance skills? Take an online course.","Skills"
"Interested in culture? Attend local cultural festivals.","Culture"
"Looking to build endurance? Start long-distance running.","Endurance"
"Want to engage senses? Try pottery making.","Tactile"
"Need organizational skills? Implement a daily planner.","Organizational"
"Passionate about helping? Mentor someone in need.","Compassion"
"Enjoy strategic thinking? Play chess regularly.","Strategy"
"Want to innovate? Develop a unique app idea.","Innovation"
"Interested in survival? Learn basic first aid skills.","Survival"
"Looking to improve motor skills? Try juggling.","Motor"
"Love storytelling? Participate in improv classes.","Expression"
"Want to connect with nature? Start a backyard garden.","Nature"
"Desire to be creative? Experiment with digital photography.","Digital"
"Interested in crafting? Sew your own clothing.","Craftsmanship"
"Looking for mental challenges? Solve complex puzzles.","Mental"
"Want to boost productivity? Adopt new organizational techniques.","Organizational"
"Enjoy documenting? Start a personal vlog.","Documentation"
"Need to relax? Practice deep breathing exercises.","Relaxation"
"Love cooking? Try baking artisan bread.","Cooking"
"Interested in traditional crafts? Learn knitting or crochet.","Traditional"
"Looking to build resilience? Take on a challenging project.","Challenge"
"Want to embrace wellness? Incorporate daily stretching.","Wellness"
"Desire to innovate? Explore 3D printing projects.","Innovation"
"Passionate about photography? Create a themed photo album.","Photography"
"Interested in engineering? Design a simple bridge model.","Engineering"
"Looking to improve communication? Join a public speaking club.","Communication"
"Want to enhance intellectual skills? Read diverse genres.","Intellectual"
"Enjoy crafting? Create handmade jewelry.","Craft"
"Need to build endurance? Train for a marathon.","Endurance"
"Love animals? Foster pets from a local shelter.","Animals"
"Interested in media? Start a podcast on your favorite topics.","Media"
"Looking to develop patience? Try model building.","Patience"
"Want to engage in creativity? Write poetry or short stories.","Creative"
"Desire to improve technical skills? Learn coding languages.","Technical"
"Passionate about sports? Coach a youth team.","Sport"
"Interested in mindfulness? Attend a silent retreat.","Mindfulness"
"Looking to express creativity? Engage in graffiti art.","Artistic"
"Want to enhance teamwork? Join a community project.","Teamwork"
"What eco-friendly initiative can I join to support local wildlife?","Nature"
"How can I unleash my creativity through sculpting?","Creative"
"What digital tools can enhance my graphic design projects?","Digital"
"Looking for an outdoor adventure? Try mountain biking.","Outdoor"
"How can I maintain my garden sustainably during summer?","Maintenance"
"What artistic techniques can I learn to improve my painting?","Artistic"
"What are effective ways to document daily life experiences?","Documentation"
"Interested in gourmet cooking? Try molecular gastronomy.","Cooking"
"How can I nurture my bonsai trees effectively?","Nurturing"
"What activities can help me express emotions through writing?","Expression"
"Want to learn a musical instrument? Consider the saxophone.","Music"
"How can I enhance my performance skills for theater?","Performance"
"What wellness practices can improve my overall health?","Wellness"
"How can I incorporate mindfulness into my morning routine?","Mindfulness"
"Looking to stay fit? Start a home workout regimen.","Fitness"
"What endurance training can help me run a half-marathon?","Endurance"
"Interested in crafting? Create handmade soap.","Craft"
"How can I explore textile art through weaving?","Textile"
"Want to master woodworking techniques?","Craftsmanship"
"How can I develop new skills in digital marketing?","Skills"
"What methods can I use to observe bird behavior?","Observation"
"Looking to find tranquility? Try guided meditation.","Tranquility"
"What water sports can I enjoy during the summer?","Water"
"How can I learn the basics of automobile mechanics?","Transportation"
"What hobbies can help build patience and focus?","Patience"
"How can I engage socially through community events?","Social"
"What strategic board games can enhance my planning skills?","Strategy"
"Interested in entertainment? Start a movie review blog.","Entertainment"
"How can digital photography improve my skills?","Digital"
"Looking to explore new cultures? Travel to diverse countries.","Exploration"
"How can I celebrate cultural heritage in daily life?","Culture"
"What survival techniques are essential for hiking?","Survival"
"How can I enjoy wilderness activities responsibly?","Wilderness"
"Want to enhance memory? Practice daily journaling.","Memory"
"How can motor skills be improved through dance?","Motor"
"Interested in traditional pottery? Take a ceramics class.","Traditional"
"How can tactile projects enhance sensory experiences?","Tactile"
"Looking to develop discipline? Set a daily schedule.","Discipline"
"How can combat training improve my self-defense skills?","Combat"
"Want to personalize my space? Start a DIY painting project.","DIY"
"How can reflection journaling aid personal growth?","Reflection"
"Interested in science experiments? Try chemistry kits.","Science"
"How can technology streamline my DIY projects?","Technology"
"Looking to enhance teamwork? Join a local sports team.","Teamwork"
"How can I overcome challenges in learning a new skill?","Challenge"
"Want to develop practical skills? Learn basic first aid.","Practical"
"How can mental puzzles improve cognitive functions?","Mental"
"Looking to relax? Try progressive muscle relaxation.","Relaxation"
"How can I start collecting vintage coins?","Collecting"
"Interested in history? Read books on ancient civilizations.","History"
"How can hobbies be an investment in personal development?","Investment"
"Want to boost cognitive skills? Learn to play chess.","Cognitive"
"How can communication workshops improve my speaking skills?","Communication"
"Interested in photography? Explore landscape photography.","Photography"
"How can intellectual pursuits enhance problem-solving?","Intellectual"
"What detailed crafts can improve my attention to detail?","Detail"
"How can precision in knitting improve my craft?","Precision"
"Looking for competitive activities? Join a local soccer league.","Competitive"
"How can community service impact local neighborhoods?","Community"
"Want to show compassion? Volunteer at animal shelters.","Compassion"
"How can I create a global impact through my projects?","Impact"
"Interested in problem-solving? Participate in hackathons.","Problem-solving"
"How can media production skills enhance my storytelling?","Media"
"Want to improve technical skills? Learn circuit design.","Technical"
"How can writing poetry enhance my creative expression?","Writing"
"Interested in engineering? Design a renewable energy system.","Engineering"
"How can I care for rescue animals effectively?","Animals"
"Looking to provide hospitality? Host a cultural exchange event.","Hospitality"
"How can introspection lead to better decision-making?","Introspection"
"Want to drive innovation? Develop a sustainable product.","Innovation"
"How can teaching others reinforce my own knowledge?","Teaching"
"Looking to have fun? Organize a themed party.","Fun"
"How can organizational skills improve my daily tasks?","Organizational"
"What outdoor activities can enhance both fitness and enjoyment?","Fitness"
"How can creating a YouTube channel boost my digital presence?","Digital"
"Interested in survival? Learn fire-starting techniques.","Survival"
"How can group projects improve my teamwork skills?","Teamwork"
"Want to reduce stress? Practice deep mindfulness exercises.","Mindfulness"
"Looking for high-intensity workouts? Try CrossFit.","Fitness"
"How can technical projects advance my engineering skills?","Technical"
"Interested in extreme survival? Take an advanced wilderness course.","Survival"
"How can collaborative games strengthen team bonds?","Teamwork"
"Want to enhance concentration? Practice focused mindfulness.","Mindfulness"
"Looking to maintain fitness? Join a local gym.","Fitness"
"How can digital portfolios showcase my creative work?","Digital"
"Interested in wilderness survival? Enroll in a first aid course.","Survival"
"How can volunteering in groups improve teamwork?","Teamwork"
"Want mental clarity? Incorporate mindfulness into routines.","Mindfulness"
"Looking to practice daily yoga for fitness?","Fitness"
"How can technical innovations transform my DIY projects?","Technical"
"Interested in navigation? Learn map and compass skills.","Survival"
"How can team-building exercises improve collaboration?","Teamwork"
"Want to improve daily routines with mindfulness?","Wellness"
"Looking to train for a triathlon as a fitness challenge?","Fitness"
"How can digital creativity open career opportunities?","Digital"
"Interested in shelter building for survival?","Survival"
"How can leading a group project enhance my teamwork?","Teamwork"
"Want emotional well-being? Practice mindfulness regularly.","Mindfulness"
"Interested in home workouts for physical fitness?","Fitness"
"How can digital tools boost creative project efficiency?","Digital"
"Looking to survive natural disasters? Prepare an emergency kit.","Survival"
"How can collaborative problem-solving enhance teamwork?","Teamwork"
"How can mindfulness improve focus and reduce anxiety?","Mindfulness"
"Interested in balanced fitness? Combine diet and exercise.","Fitness"
"How can digital learning resources advance technical knowledge?","Digital"
"Looking to identify edible plants for survival?","Survival"
"How can joint ventures strengthen team collaboration?","Teamwork"
"How can mindfulness support mental health maintenance?","Mindfulness"
"Interested in interval running for fitness improvement?","Fitness"
"How can digital creativity lead to new professional opportunities?","Digital"
"Looking to master map and compass navigation for survival?","Survival"
"How can leadership roles in groups enhance teamwork?","Teamwork"
"How can mindfulness enhance overall life quality?","Mindfulness"
"Interested in cross-training for advanced fitness?","Fitness"
"How can digital skills contribute to professional growth?","Digital"
"Looking to use appropriate gear for extreme weather survival?","Survival"
"How can open communication foster effective teamwork?","Teamwork"
"How can mindfulness techniques improve daily interactions?","Mindfulness"
"Interested in Pilates for core strength in fitness?","Fitness"
"How can digital media tools expand creative horizons?","Digital"
"Looking to study climate-specific survival tactics?","Survival"
"How can mutual trust support cohesive team building?","Teamwork"
"How can mindfulness help maintain focus and presence?","Mindfulness"
"Interested in functional training for advanced fitness?","Fitness"
"How can digital innovations enhance hobby projects?","Digital"
"Looking to learn urban survival strategies?","Survival"
"How can collaborative tools improve team effectiveness?","Teamwork"
"How can mindfulness practices develop emotional intelligence?","Mindfulness"
"What textile project can I start to improve my skills?","Textile"
"What new techniques can I learn in textile crafting?","Textile"
"What observation methods can I use in nature studies?","Observation"
"What tools assist in effective observation?","Observation"
"What water activities can I engage in for fun?","Water"
"What techniques are useful in water sports?","Water"
"What transportation projects can enhance my mechanical skills?","Transportation"
"What models can I build to understand transportation better?","Transportation"
"What exploration activities can I undertake to discover new places?","Exploration"
"What methods can I use for effective exploration?","Exploration"
"What discipline practices can help me stay focused?","Discipline"
"How can I develop greater discipline in my daily routine?","Discipline"
"What precision techniques can improve my work accuracy?","Precision"
"How do I practice precision in my tasks?","Precision"
"What combat sports can enhance my physical fitness?","Combat"
"How can combat training improve my self-defense skills?","Combat"
"What practical skills are essential for daily life?","Practical"
"How can I develop practical problem-solving abilities?","Practical"
"What collecting hobbies can satisfy my interest in unique items?","Collecting"
"How can I organize my collection effectively?","Collecting"
"What investment strategies can I explore to grow my assets?","Investment"
"How can I start investing in the stock market?","Investment"
"What cognitive exercises can boost my mental agility?","Cognitive"
"How can I enhance my cognitive abilities through daily activities?","Cognitive"
"What detail-oriented projects can improve my attention to detail?","Detail"
"How can I practice attention to detail in my work?","Detail"
"What nature activities can connect me with the environment?","Nature"
"How can I contribute to nature conservation through hobbies?","Nature"
"What cultural tradition can I engage in to celebrate diversity?","Culture"
"How can I participate in cultural exchange programs?","Culture"
"What activities can help me learn about different cultures?","Culture"
"What compassionate actions can I take to support my community?","Compassion"
"How can I show compassion in everyday interactions?","Compassion"
"What volunteer opportunities are available to demonstrate compassion?","Compassion"
"How can I improve my memory through daily exercises?","Memory"
"What techniques can enhance my memory retention?","Memory"
"How can I use mnemonic devices to boost my memory?","Memory"
"How can I contribute to my community through volunteering?","Community"
"What community projects can I join to make a difference?","Community"
"How can I organize a community event effectively?","Community"
"How can introspection improve my personal growth?","Introspection"
"What reflective practices can deepen my self-awareness?","Introspection"
"What journaling techniques aid in introspection?","Introspection"
"What outdoor activities can I try for fitness and fun?","Outdoor"
"How can I balance outdoor activities with my fitness goals?","Outdoor"
"What new outdoor hobbies can I explore this season?","Outdoor"
"What sports can I play to stay active and have fun?","Sport"
"How can I improve my skills in my favorite sport?","Sport"
"What team sports can help me build better teamwork?","Sport"
"What teaching methods can enhance my instructional skills?","Teaching"
"How can I create engaging lesson plans for teaching?","Teaching"
"What workshops can I attend to improve my teaching abilities?","Teaching"
"What hospitality services can I offer to welcome guests?","Hospitality"
"How can I improve my hospitality skills for hosting events?","Hospitality"
"What hospitality training programs are available locally?","Hospitality"
"What problem-solving techniques can I apply in projects?","Problem-solving"
"How can I develop effective problem-solving strategies?","Problem-solving"
"What exercises can enhance my problem-solving skills?","Problem-solving"
"What impact can my volunteer work have on others?","Impact"
"How can I measure the impact of my community projects?","Impact"
"What initiatives can I start to increase my impact locally?","Impact"
"What reflection activities can aid in my personal development?","Reflection"
"How can I incorporate daily reflection into my routine?","Reflection"
"What reflection tools can help track my personal growth?","Reflection"
"What competitive games can I join to challenge myself?","Competitive"
"How can I prepare for competitive events in my field?","Competitive"
"What competitions can help me showcase my skills?","Competitive"
"What wilderness activities can I participate in safely?","Wilderness"
"How can I enhance my wilderness survival skills?","Wilderness"
"What courses are available for advanced wilderness training?","Wilderness"
"What performance skills can I develop for public speaking?","Performance"
"How can I practice performance techniques effectively?","Performance"
"What workshops can help improve my performance abilities?","Performance"
"What historical topics can I explore to deepen my knowledge?","History"
"How can I conduct in-depth historical research?","History"
"What historical projects can enhance my understanding of the past?","History"
"What tactile activities can stimulate my senses creatively?","Tactile"
"How can I incorporate tactile learning into my hobbies?","Tactile"
"What tactile projects can improve my sensory engagement?","Tactile"
"What maintenance tasks can I undertake for home improvement?","Maintenance"
"How can I create a maintenance schedule for my projects?","Maintenance"
"What maintenance tips can help prolong the life of my equipment?","Maintenance"
"How can I improve my motor skills through specific exercises?","Motor"
"What motor skill activities can enhance my coordination?","Motor"
"How can I practice motor skills in daily tasks?","Motor"
"What social events can I attend to meet new people?","Social"
"How can I build stronger social connections in my community?","Social"
"What social activities can improve my networking skills?","Social"
"What adventure sports can I try for an adrenaline rush?","Adventure"
"How can I safely engage in adventure activities?","Adventure"
"What adventure trips can help me explore new places?","Adventure"
"What documentation methods can I use to record my experiences?","Documentation"
"How can I improve my documentation practices for better records?","Documentation"
"What tools can assist me in effective documentation?","Documentation"
"What nurturing activities can help me care for others?","Nurturing"
"How can I develop nurturing habits in my daily life?","Nurturing"
"What nurturing roles can I take on in my community?","Nurturing"
"What music genres can I explore to expand my musical knowledge?","Music"
"How can I improve my skills in playing a musical instrument?","Music"
"What music projects can enhance my creativity?","Music"
"What crafting projects can I undertake to hone my skills?","Craft"
"How can I develop advanced crafting techniques?","Craft"
"What crafting communities can I join to share my work?","Craft"
"What tranquility practices can help me relax deeply?","Tranquility"
"How can I create a tranquil environment at home?","Tranquility"
"What activities promote tranquility and peace of mind?","Tranquility"
"What patience-building exercises can improve my focus?","Patience"
"How can I practice patience in challenging situations?","Patience"
"What activities can help me develop greater patience?","Patience"
"What fun activities can I engage in to lift my spirits?","Fun"
"How can I incorporate more fun into my daily routine?","Fun"
"What fun hobbies can help me unwind after work?","Fun"
"What strategy games can enhance my tactical thinking?","Strategy"
"How can I develop better strategic planning skills?","Strategy"
"What strategy workshops can help me improve my game?","Strategy"
"What entertainment options can I explore for creative expression?","Entertainment"
"How can I create my own entertainment content?","Entertainment"
"What entertainment projects can showcase my talents?","Entertainment"